{
  "ABIRoot": {
    "kind": "Root",
    "name": "TopLevel",
    "printedName": "TopLevel",
    "children": [
      {
        "kind": "Import",
        "name": "CoreNFC",
        "printedName": "CoreNFC",
        "declKind": "Import",
        "moduleName": "NFCTunnel",
        "declAttributes": [
          "RawDocComment"
        ]
      },
      {
        "kind": "Import",
        "name": "Foundation",
        "printedName": "Foundation",
        "declKind": "Import",
        "moduleName": "NFCTunnel"
      },
      {
        "kind": "TypeDecl",
        "name": "NFCTunnelSession",
        "printedName": "NFCTunnelSession",
        "children": [
          {
            "kind": "Var",
            "name": "delegate",
            "printedName": "delegate",
            "children": [
              {
                "kind": "TypeNominal",
                "name": "WeakStorage",
                "printedName": "NFCTunnel.NFCTunnelDelegate?"
              }
            ],
            "declKind": "Var",
            "usr": "s:9NFCTunnel0A7SessionC8delegateAA0A8Delegate_pSgvp",
            "mangledName": "$s9NFCTunnel0A7SessionC8delegateAA0A8Delegate_pSgvp",
            "moduleName": "NFCTunnel",
            "declAttributes": [
              "HasInitialValue",
              "HasStorage",
              "ReferenceOwnership",
              "AccessControl"
            ],
            "ownership": 1,
            "hasStorage": true,
            "accessors": [
              {
                "kind": "Accessor",
                "name": "Get",
                "printedName": "Get()",
                "children": [
                  {
                    "kind": "TypeNominal",
                    "name": "Optional",
                    "printedName": "NFCTunnel.NFCTunnelDelegate?",
                    "children": [
                      {
                        "kind": "TypeNominal",
                        "name": "NFCTunnelDelegate",
                        "printedName": "NFCTunnel.NFCTunnelDelegate",
                        "usr": "s:9NFCTunnel0A8DelegateP"
                      }
                    ],
                    "usr": "s:Sq"
                  }
                ],
                "declKind": "Accessor",
                "usr": "s:9NFCTunnel0A7SessionC8delegateAA0A8Delegate_pSgvg",
                "mangledName": "$s9NFCTunnel0A7SessionC8delegateAA0A8Delegate_pSgvg",
                "moduleName": "NFCTunnel",
                "implicit": true,
                "accessorKind": "get"
              },
              {
                "kind": "Accessor",
                "name": "Set",
                "printedName": "Set()",
                "children": [
                  {
                    "kind": "TypeNominal",
                    "name": "Void",
                    "printedName": "()"
                  },
                  {
                    "kind": "TypeNominal",
                    "name": "Optional",
                    "printedName": "NFCTunnel.NFCTunnelDelegate?",
                    "children": [
                      {
                        "kind": "TypeNominal",
                        "name": "NFCTunnelDelegate",
                        "printedName": "NFCTunnel.NFCTunnelDelegate",
                        "usr": "s:9NFCTunnel0A8DelegateP"
                      }
                    ],
                    "usr": "s:Sq"
                  }
                ],
                "declKind": "Accessor",
                "usr": "s:9NFCTunnel0A7SessionC8delegateAA0A8Delegate_pSgvs",
                "mangledName": "$s9NFCTunnel0A7SessionC8delegateAA0A8Delegate_pSgvs",
                "moduleName": "NFCTunnel",
                "implicit": true,
                "accessorKind": "set"
              },
              {
                "kind": "Accessor",
                "name": "Modify",
                "printedName": "Modify()",
                "children": [
                  {
                    "kind": "TypeNominal",
                    "name": "Void",
                    "printedName": "()"
                  }
                ],
                "declKind": "Accessor",
                "usr": "s:9NFCTunnel0A7SessionC8delegateAA0A8Delegate_pSgvM",
                "mangledName": "$s9NFCTunnel0A7SessionC8delegateAA0A8Delegate_pSgvM",
                "moduleName": "NFCTunnel",
                "implicit": true,
                "accessorKind": "_modify"
              }
            ]
          },
          {
            "kind": "Constructor",
            "name": "init",
            "printedName": "init(delegate:)",
            "children": [
              {
                "kind": "TypeNominal",
                "name": "NFCTunnelSession",
                "printedName": "NFCTunnel.NFCTunnelSession",
                "usr": "c:@M@NFCTunnel@objc(cs)NFCTunnelSession"
              },
              {
                "kind": "TypeNominal",
                "name": "NFCTunnelDelegate",
                "printedName": "NFCTunnel.NFCTunnelDelegate",
                "usr": "s:9NFCTunnel0A8DelegateP"
              }
            ],
            "declKind": "Constructor",
            "usr": "s:9NFCTunnel0A7SessionC8delegateAcA0A8Delegate_p_tcfc",
            "mangledName": "$s9NFCTunnel0A7SessionC8delegateAcA0A8Delegate_p_tcfc",
            "moduleName": "NFCTunnel",
            "declAttributes": [
              "AccessControl"
            ],
            "init_kind": "Designated"
          },
          {
            "kind": "Function",
            "name": "startSession",
            "printedName": "startSession(message:)",
            "children": [
              {
                "kind": "TypeNominal",
                "name": "Void",
                "printedName": "()"
              },
              {
                "kind": "TypeNominal",
                "name": "String",
                "printedName": "Swift.String",
                "hasDefaultArg": true,
                "usr": "s:SS"
              }
            ],
            "declKind": "Func",
            "usr": "s:9NFCTunnel0A7SessionC05startB07messageySS_tF",
            "mangledName": "$s9NFCTunnel0A7SessionC05startB07messageySS_tF",
            "moduleName": "NFCTunnel",
            "declAttributes": [
              "AccessControl"
            ],
            "funcSelfKind": "NonMutating"
          },
          {
            "kind": "Function",
            "name": "updateSessionMessage",
            "printedName": "updateSessionMessage(message:)",
            "children": [
              {
                "kind": "TypeNominal",
                "name": "Void",
                "printedName": "()"
              },
              {
                "kind": "TypeNominal",
                "name": "String",
                "printedName": "Swift.String",
                "usr": "s:SS"
              }
            ],
            "declKind": "Func",
            "usr": "s:9NFCTunnel0A7SessionC06updateB7Message7messageySS_tF",
            "mangledName": "$s9NFCTunnel0A7SessionC06updateB7Message7messageySS_tF",
            "moduleName": "NFCTunnel",
            "declAttributes": [
              "AccessControl"
            ],
            "funcSelfKind": "NonMutating"
          },
          {
            "kind": "Function",
            "name": "readerSessionDidBecomeActive",
            "printedName": "readerSessionDidBecomeActive(_:)",
            "children": [
              {
                "kind": "TypeNominal",
                "name": "Void",
                "printedName": "()"
              },
              {
                "kind": "TypeNominal",
                "name": "NFCNDEFReaderSession",
                "printedName": "CoreNFC.NFCNDEFReaderSession",
                "usr": "c:objc(cs)NFCNDEFReaderSession"
              }
            ],
            "declKind": "Func",
            "usr": "c:@M@NFCTunnel@objc(cs)NFCTunnelSession(im)readerSessionDidBecomeActive:",
            "mangledName": "$s9NFCTunnel0A7SessionC06readerB15DidBecomeActiveyySo013NFCNDEFReaderB0CF",
            "moduleName": "NFCTunnel",
            "objc_name": "readerSessionDidBecomeActive:",
            "declAttributes": [
              "ObjC",
              "AccessControl"
            ],
            "funcSelfKind": "NonMutating"
          },
          {
            "kind": "Function",
            "name": "readerSession",
            "printedName": "readerSession(_:didInvalidateWithError:)",
            "children": [
              {
                "kind": "TypeNominal",
                "name": "Void",
                "printedName": "()"
              },
              {
                "kind": "TypeNominal",
                "name": "NFCNDEFReaderSession",
                "printedName": "CoreNFC.NFCNDEFReaderSession",
                "usr": "c:objc(cs)NFCNDEFReaderSession"
              },
              {
                "kind": "TypeNominal",
                "name": "Error",
                "printedName": "Swift.Error",
                "usr": "s:s5ErrorP"
              }
            ],
            "declKind": "Func",
            "usr": "c:@M@NFCTunnel@objc(cs)NFCTunnelSession(im)readerSession:didInvalidateWithError:",
            "mangledName": "$s9NFCTunnel0A7SessionC06readerB0_22didInvalidateWithErrorySo013NFCNDEFReaderB0C_s0G0_ptF",
            "moduleName": "NFCTunnel",
            "objc_name": "readerSession:didInvalidateWithError:",
            "declAttributes": [
              "ObjC",
              "AccessControl"
            ],
            "funcSelfKind": "NonMutating"
          },
          {
            "kind": "Function",
            "name": "readerSession",
            "printedName": "readerSession(_:didDetectNDEFs:)",
            "children": [
              {
                "kind": "TypeNominal",
                "name": "Void",
                "printedName": "()"
              },
              {
                "kind": "TypeNominal",
                "name": "NFCNDEFReaderSession",
                "printedName": "CoreNFC.NFCNDEFReaderSession",
                "usr": "c:objc(cs)NFCNDEFReaderSession"
              },
              {
                "kind": "TypeNominal",
                "name": "Array",
                "printedName": "[CoreNFC.NFCNDEFMessage]",
                "children": [
                  {
                    "kind": "TypeNominal",
                    "name": "NFCNDEFMessage",
                    "printedName": "CoreNFC.NFCNDEFMessage",
                    "usr": "c:objc(cs)NFCNDEFMessage"
                  }
                ],
                "usr": "s:Sa"
              }
            ],
            "declKind": "Func",
            "usr": "c:@M@NFCTunnel@objc(cs)NFCTunnelSession(im)readerSession:didDetectNDEFs:",
            "mangledName": "$s9NFCTunnel0A7SessionC06readerB0_14didDetectNDEFsySo013NFCNDEFReaderB0C_SaySo14NFCNDEFMessageCGtF",
            "moduleName": "NFCTunnel",
            "objc_name": "readerSession:didDetectNDEFs:",
            "declAttributes": [
              "ObjC",
              "AccessControl"
            ],
            "funcSelfKind": "NonMutating"
          },
          {
            "kind": "Function",
            "name": "readerSession",
            "printedName": "readerSession(_:didDetect:)",
            "children": [
              {
                "kind": "TypeNominal",
                "name": "Void",
                "printedName": "()"
              },
              {
                "kind": "TypeNominal",
                "name": "NFCNDEFReaderSession",
                "printedName": "CoreNFC.NFCNDEFReaderSession",
                "usr": "c:objc(cs)NFCNDEFReaderSession"
              },
              {
                "kind": "TypeNominal",
                "name": "Array",
                "printedName": "[CoreNFC.NFCNDEFTag]",
                "children": [
                  {
                    "kind": "TypeNominal",
                    "name": "NFCNDEFTag",
                    "printedName": "CoreNFC.NFCNDEFTag",
                    "usr": "c:objc(pl)NFCNDEFTag"
                  }
                ],
                "usr": "s:Sa"
              }
            ],
            "declKind": "Func",
            "usr": "c:@M@NFCTunnel@objc(cs)NFCTunnelSession(im)readerSession:didDetectTags:",
            "mangledName": "$s9NFCTunnel0A7SessionC06readerB0_9didDetectySo013NFCNDEFReaderB0C_SaySo10NFCNDEFTag_pGtF",
            "moduleName": "NFCTunnel",
            "objc_name": "readerSession:didDetectTags:",
            "declAttributes": [
              "ObjC",
              "AccessControl"
            ],
            "funcSelfKind": "NonMutating"
          },
          {
            "kind": "Function",
            "name": "invalidateSession",
            "printedName": "invalidateSession()",
            "children": [
              {
                "kind": "TypeNominal",
                "name": "Void",
                "printedName": "()"
              }
            ],
            "declKind": "Func",
            "usr": "s:9NFCTunnel0A7SessionC010invalidateB0yyF",
            "mangledName": "$s9NFCTunnel0A7SessionC010invalidateB0yyF",
            "moduleName": "NFCTunnel",
            "declAttributes": [
              "AccessControl"
            ],
            "funcSelfKind": "NonMutating"
          },
          {
            "kind": "Constructor",
            "name": "init",
            "printedName": "init()",
            "children": [
              {
                "kind": "TypeNominal",
                "name": "NFCTunnelSession",
                "printedName": "NFCTunnel.NFCTunnelSession",
                "usr": "c:@M@NFCTunnel@objc(cs)NFCTunnelSession"
              }
            ],
            "declKind": "Constructor",
            "usr": "c:@M@NFCTunnel@objc(cs)NFCTunnelSession(im)init",
            "mangledName": "$s9NFCTunnel0A7SessionCACycfc",
            "moduleName": "NFCTunnel",
            "overriding": true,
            "implicit": true,
            "objc_name": "init",
            "declAttributes": [
              "Dynamic",
              "ObjC",
              "Override"
            ],
            "init_kind": "Designated"
          }
        ],
        "declKind": "Class",
        "usr": "c:@M@NFCTunnel@objc(cs)NFCTunnelSession",
        "mangledName": "$s9NFCTunnel0A7SessionC",
        "moduleName": "NFCTunnel",
        "declAttributes": [
          "AccessControl",
          "ObjC"
        ],
        "superclassUsr": "c:objc(cs)NSObject",
        "superclassNames": [
          "ObjectiveC.NSObject"
        ],
        "conformances": [
          {
            "kind": "Conformance",
            "name": "Equatable",
            "printedName": "Equatable",
            "usr": "s:SQ",
            "mangledName": "$sSQ"
          },
          {
            "kind": "Conformance",
            "name": "Hashable",
            "printedName": "Hashable",
            "usr": "s:SH",
            "mangledName": "$sSH"
          },
          {
            "kind": "Conformance",
            "name": "CVarArg",
            "printedName": "CVarArg",
            "usr": "s:s7CVarArgP",
            "mangledName": "$ss7CVarArgP"
          },
          {
            "kind": "Conformance",
            "name": "_KeyValueCodingAndObservingPublishing",
            "printedName": "_KeyValueCodingAndObservingPublishing",
            "usr": "s:10Foundation37_KeyValueCodingAndObservingPublishingP",
            "mangledName": "$s10Foundation37_KeyValueCodingAndObservingPublishingP"
          },
          {
            "kind": "Conformance",
            "name": "_KeyValueCodingAndObserving",
            "printedName": "_KeyValueCodingAndObserving",
            "usr": "s:10Foundation27_KeyValueCodingAndObservingP",
            "mangledName": "$s10Foundation27_KeyValueCodingAndObservingP"
          },
          {
            "kind": "Conformance",
            "name": "CustomStringConvertible",
            "printedName": "CustomStringConvertible",
            "usr": "s:s23CustomStringConvertibleP",
            "mangledName": "$ss23CustomStringConvertibleP"
          },
          {
            "kind": "Conformance",
            "name": "CustomDebugStringConvertible",
            "printedName": "CustomDebugStringConvertible",
            "usr": "s:s28CustomDebugStringConvertibleP",
            "mangledName": "$ss28CustomDebugStringConvertibleP"
          }
        ]
      },
      {
        "kind": "Import",
        "name": "Foundation",
        "printedName": "Foundation",
        "declKind": "Import",
        "moduleName": "NFCTunnel",
        "declAttributes": [
          "RawDocComment"
        ]
      },
      {
        "kind": "Import",
        "name": "zlib",
        "printedName": "zlib",
        "declKind": "Import",
        "moduleName": "NFCTunnel"
      },
      {
        "kind": "TypeDecl",
        "name": "Gzip",
        "printedName": "Gzip",
        "children": [
          {
            "kind": "Var",
            "name": "maxWindowBits",
            "printedName": "maxWindowBits",
            "children": [
              {
                "kind": "TypeNominal",
                "name": "Int32",
                "printedName": "Swift.Int32",
                "usr": "s:s5Int32V"
              }
            ],
            "declKind": "Var",
            "usr": "s:9NFCTunnel4GzipO13maxWindowBitss5Int32VvpZ",
            "mangledName": "$s9NFCTunnel4GzipO13maxWindowBitss5Int32VvpZ",
            "moduleName": "NFCTunnel",
            "static": true,
            "declAttributes": [
              "HasInitialValue",
              "HasStorage",
              "AccessControl",
              "RawDocComment"
            ],
            "isLet": true,
            "hasStorage": true,
            "accessors": [
              {
                "kind": "Accessor",
                "name": "Get",
                "printedName": "Get()",
                "children": [
                  {
                    "kind": "TypeNominal",
                    "name": "Int32",
                    "printedName": "Swift.Int32",
                    "usr": "s:s5Int32V"
                  }
                ],
                "declKind": "Accessor",
                "usr": "s:9NFCTunnel4GzipO13maxWindowBitss5Int32VvgZ",
                "mangledName": "$s9NFCTunnel4GzipO13maxWindowBitss5Int32VvgZ",
                "moduleName": "NFCTunnel",
                "static": true,
                "implicit": true,
                "accessorKind": "get"
              }
            ]
          }
        ],
        "declKind": "Enum",
        "usr": "s:9NFCTunnel4GzipO",
        "mangledName": "$s9NFCTunnel4GzipO",
        "moduleName": "NFCTunnel",
        "declAttributes": [
          "AccessControl"
        ]
      },
      {
        "kind": "TypeDecl",
        "name": "CompressionLevel",
        "printedName": "CompressionLevel",
        "children": [
          {
            "kind": "Var",
            "name": "rawValue",
            "printedName": "rawValue",
            "children": [
              {
                "kind": "TypeNominal",
                "name": "Int32",
                "printedName": "Swift.Int32",
                "usr": "s:s5Int32V"
              }
            ],
            "declKind": "Var",
            "usr": "s:9NFCTunnel16CompressionLevelV8rawValues5Int32Vvp",
            "mangledName": "$s9NFCTunnel16CompressionLevelV8rawValues5Int32Vvp",
            "moduleName": "NFCTunnel",
            "declAttributes": [
              "HasStorage",
              "AccessControl",
              "RawDocComment"
            ],
            "isLet": true,
            "hasStorage": true,
            "accessors": [
              {
                "kind": "Accessor",
                "name": "Get",
                "printedName": "Get()",
                "children": [
                  {
                    "kind": "TypeNominal",
                    "name": "Int32",
                    "printedName": "Swift.Int32",
                    "usr": "s:s5Int32V"
                  }
                ],
                "declKind": "Accessor",
                "usr": "s:9NFCTunnel16CompressionLevelV8rawValues5Int32Vvg",
                "mangledName": "$s9NFCTunnel16CompressionLevelV8rawValues5Int32Vvg",
                "moduleName": "NFCTunnel",
                "implicit": true,
                "accessorKind": "get"
              }
            ]
          },
          {
            "kind": "Var",
            "name": "noCompression",
            "printedName": "noCompression",
            "children": [
              {
                "kind": "TypeNominal",
                "name": "CompressionLevel",
                "printedName": "NFCTunnel.CompressionLevel",
                "usr": "s:9NFCTunnel16CompressionLevelV"
              }
            ],
            "declKind": "Var",
            "usr": "s:9NFCTunnel16CompressionLevelV02noB0ACvpZ",
            "mangledName": "$s9NFCTunnel16CompressionLevelV02noB0ACvpZ",
            "moduleName": "NFCTunnel",
            "static": true,
            "declAttributes": [
              "HasInitialValue",
              "HasStorage",
              "AccessControl"
            ],
            "isLet": true,
            "hasStorage": true,
            "accessors": [
              {
                "kind": "Accessor",
                "name": "Get",
                "printedName": "Get()",
                "children": [
                  {
                    "kind": "TypeNominal",
                    "name": "CompressionLevel",
                    "printedName": "NFCTunnel.CompressionLevel",
                    "usr": "s:9NFCTunnel16CompressionLevelV"
                  }
                ],
                "declKind": "Accessor",
                "usr": "s:9NFCTunnel16CompressionLevelV02noB0ACvgZ",
                "mangledName": "$s9NFCTunnel16CompressionLevelV02noB0ACvgZ",
                "moduleName": "NFCTunnel",
                "static": true,
                "implicit": true,
                "accessorKind": "get"
              }
            ]
          },
          {
            "kind": "Var",
            "name": "bestSpeed",
            "printedName": "bestSpeed",
            "children": [
              {
                "kind": "TypeNominal",
                "name": "CompressionLevel",
                "printedName": "NFCTunnel.CompressionLevel",
                "usr": "s:9NFCTunnel16CompressionLevelV"
              }
            ],
            "declKind": "Var",
            "usr": "s:9NFCTunnel16CompressionLevelV9bestSpeedACvpZ",
            "mangledName": "$s9NFCTunnel16CompressionLevelV9bestSpeedACvpZ",
            "moduleName": "NFCTunnel",
            "static": true,
            "declAttributes": [
              "HasInitialValue",
              "HasStorage",
              "AccessControl"
            ],
            "isLet": true,
            "hasStorage": true,
            "accessors": [
              {
                "kind": "Accessor",
                "name": "Get",
                "printedName": "Get()",
                "children": [
                  {
                    "kind": "TypeNominal",
                    "name": "CompressionLevel",
                    "printedName": "NFCTunnel.CompressionLevel",
                    "usr": "s:9NFCTunnel16CompressionLevelV"
                  }
                ],
                "declKind": "Accessor",
                "usr": "s:9NFCTunnel16CompressionLevelV9bestSpeedACvgZ",
                "mangledName": "$s9NFCTunnel16CompressionLevelV9bestSpeedACvgZ",
                "moduleName": "NFCTunnel",
                "static": true,
                "implicit": true,
                "accessorKind": "get"
              }
            ]
          },
          {
            "kind": "Var",
            "name": "bestCompression",
            "printedName": "bestCompression",
            "children": [
              {
                "kind": "TypeNominal",
                "name": "CompressionLevel",
                "printedName": "NFCTunnel.CompressionLevel",
                "usr": "s:9NFCTunnel16CompressionLevelV"
              }
            ],
            "declKind": "Var",
            "usr": "s:9NFCTunnel16CompressionLevelV04bestB0ACvpZ",
            "mangledName": "$s9NFCTunnel16CompressionLevelV04bestB0ACvpZ",
            "moduleName": "NFCTunnel",
            "static": true,
            "declAttributes": [
              "HasInitialValue",
              "HasStorage",
              "AccessControl"
            ],
            "isLet": true,
            "hasStorage": true,
            "accessors": [
              {
                "kind": "Accessor",
                "name": "Get",
                "printedName": "Get()",
                "children": [
                  {
                    "kind": "TypeNominal",
                    "name": "CompressionLevel",
                    "printedName": "NFCTunnel.CompressionLevel",
                    "usr": "s:9NFCTunnel16CompressionLevelV"
                  }
                ],
                "declKind": "Accessor",
                "usr": "s:9NFCTunnel16CompressionLevelV04bestB0ACvgZ",
                "mangledName": "$s9NFCTunnel16CompressionLevelV04bestB0ACvgZ",
                "moduleName": "NFCTunnel",
                "static": true,
                "implicit": true,
                "accessorKind": "get"
              }
            ]
          },
          {
            "kind": "Var",
            "name": "defaultCompression",
            "printedName": "defaultCompression",
            "children": [
              {
                "kind": "TypeNominal",
                "name": "CompressionLevel",
                "printedName": "NFCTunnel.CompressionLevel",
                "usr": "s:9NFCTunnel16CompressionLevelV"
              }
            ],
            "declKind": "Var",
            "usr": "s:9NFCTunnel16CompressionLevelV07defaultB0ACvpZ",
            "mangledName": "$s9NFCTunnel16CompressionLevelV07defaultB0ACvpZ",
            "moduleName": "NFCTunnel",
            "static": true,
            "declAttributes": [
              "HasInitialValue",
              "HasStorage",
              "AccessControl"
            ],
            "isLet": true,
            "hasStorage": true,
            "accessors": [
              {
                "kind": "Accessor",
                "name": "Get",
                "printedName": "Get()",
                "children": [
                  {
                    "kind": "TypeNominal",
                    "name": "CompressionLevel",
                    "printedName": "NFCTunnel.CompressionLevel",
                    "usr": "s:9NFCTunnel16CompressionLevelV"
                  }
                ],
                "declKind": "Accessor",
                "usr": "s:9NFCTunnel16CompressionLevelV07defaultB0ACvgZ",
                "mangledName": "$s9NFCTunnel16CompressionLevelV07defaultB0ACvgZ",
                "moduleName": "NFCTunnel",
                "static": true,
                "implicit": true,
                "accessorKind": "get"
              }
            ]
          },
          {
            "kind": "Constructor",
            "name": "init",
            "printedName": "init(rawValue:)",
            "children": [
              {
                "kind": "TypeNominal",
                "name": "CompressionLevel",
                "printedName": "NFCTunnel.CompressionLevel",
                "usr": "s:9NFCTunnel16CompressionLevelV"
              },
              {
                "kind": "TypeNominal",
                "name": "Int32",
                "printedName": "Swift.Int32",
                "usr": "s:s5Int32V"
              }
            ],
            "declKind": "Constructor",
            "usr": "s:9NFCTunnel16CompressionLevelV8rawValueACs5Int32V_tcfc",
            "mangledName": "$s9NFCTunnel16CompressionLevelV8rawValueACs5Int32V_tcfc",
            "moduleName": "NFCTunnel",
            "declAttributes": [
              "AccessControl"
            ],
            "init_kind": "Designated"
          },
          {
            "kind": "Constructor",
            "name": "init",
            "printedName": "init(_:)",
            "children": [
              {
                "kind": "TypeNominal",
                "name": "CompressionLevel",
                "printedName": "NFCTunnel.CompressionLevel",
                "usr": "s:9NFCTunnel16CompressionLevelV"
              },
              {
                "kind": "TypeNominal",
                "name": "Int32",
                "printedName": "Swift.Int32",
                "usr": "s:s5Int32V"
              }
            ],
            "declKind": "Constructor",
            "usr": "s:9NFCTunnel16CompressionLevelVyACs5Int32Vcfc",
            "mangledName": "$s9NFCTunnel16CompressionLevelVyACs5Int32Vcfc",
            "moduleName": "NFCTunnel",
            "declAttributes": [
              "AccessControl"
            ],
            "init_kind": "Designated"
          }
        ],
        "declKind": "Struct",
        "usr": "s:9NFCTunnel16CompressionLevelV",
        "mangledName": "$s9NFCTunnel16CompressionLevelV",
        "moduleName": "NFCTunnel",
        "declAttributes": [
          "AccessControl",
          "RawDocComment"
        ],
        "conformances": [
          {
            "kind": "Conformance",
            "name": "RawRepresentable",
            "printedName": "RawRepresentable",
            "children": [
              {
                "kind": "TypeWitness",
                "name": "RawValue",
                "printedName": "RawValue",
                "children": [
                  {
                    "kind": "TypeNominal",
                    "name": "Int32",
                    "printedName": "Swift.Int32",
                    "usr": "s:s5Int32V"
                  }
                ]
              }
            ],
            "usr": "s:SY",
            "mangledName": "$sSY"
          },
          {
            "kind": "Conformance",
            "name": "Sendable",
            "printedName": "Sendable",
            "usr": "s:s8SendableP",
            "mangledName": "$ss8SendableP"
          }
        ]
      },
      {
        "kind": "TypeDecl",
        "name": "GzipError",
        "printedName": "GzipError",
        "children": [
          {
            "kind": "TypeDecl",
            "name": "Kind",
            "printedName": "Kind",
            "children": [
              {
                "kind": "Var",
                "name": "stream",
                "printedName": "stream",
                "children": [
                  {
                    "kind": "TypeFunc",
                    "name": "Function",
                    "printedName": "(NFCTunnel.GzipError.Kind.Type) -> NFCTunnel.GzipError.Kind",
                    "children": [
                      {
                        "kind": "TypeNominal",
                        "name": "Kind",
                        "printedName": "NFCTunnel.GzipError.Kind",
                        "usr": "s:9NFCTunnel9GzipErrorV4KindO"
                      },
                      {
                        "kind": "TypeNominal",
                        "name": "Metatype",
                        "printedName": "NFCTunnel.GzipError.Kind.Type",
                        "children": [
                          {
                            "kind": "TypeNominal",
                            "name": "Kind",
                            "printedName": "NFCTunnel.GzipError.Kind",
                            "usr": "s:9NFCTunnel9GzipErrorV4KindO"
                          }
                        ]
                      }
                    ]
                  }
                ],
                "declKind": "EnumElement",
                "usr": "s:9NFCTunnel9GzipErrorV4KindO6streamyA2EmF",
                "mangledName": "$s9NFCTunnel9GzipErrorV4KindO6streamyA2EmF",
                "moduleName": "NFCTunnel",
                "declAttributes": [
                  "RawDocComment"
                ]
              },
              {
                "kind": "Var",
                "name": "data",
                "printedName": "data",
                "children": [
                  {
                    "kind": "TypeFunc",
                    "name": "Function",
                    "printedName": "(NFCTunnel.GzipError.Kind.Type) -> NFCTunnel.GzipError.Kind",
                    "children": [
                      {
                        "kind": "TypeNominal",
                        "name": "Kind",
                        "printedName": "NFCTunnel.GzipError.Kind",
                        "usr": "s:9NFCTunnel9GzipErrorV4KindO"
                      },
                      {
                        "kind": "TypeNominal",
                        "name": "Metatype",
                        "printedName": "NFCTunnel.GzipError.Kind.Type",
                        "children": [
                          {
                            "kind": "TypeNominal",
                            "name": "Kind",
                            "printedName": "NFCTunnel.GzipError.Kind",
                            "usr": "s:9NFCTunnel9GzipErrorV4KindO"
                          }
                        ]
                      }
                    ]
                  }
                ],
                "declKind": "EnumElement",
                "usr": "s:9NFCTunnel9GzipErrorV4KindO4datayA2EmF",
                "mangledName": "$s9NFCTunnel9GzipErrorV4KindO4datayA2EmF",
                "moduleName": "NFCTunnel",
                "declAttributes": [
                  "RawDocComment"
                ]
              },
              {
                "kind": "Var",
                "name": "memory",
                "printedName": "memory",
                "children": [
                  {
                    "kind": "TypeFunc",
                    "name": "Function",
                    "printedName": "(NFCTunnel.GzipError.Kind.Type) -> NFCTunnel.GzipError.Kind",
                    "children": [
                      {
                        "kind": "TypeNominal",
                        "name": "Kind",
                        "printedName": "NFCTunnel.GzipError.Kind",
                        "usr": "s:9NFCTunnel9GzipErrorV4KindO"
                      },
                      {
                        "kind": "TypeNominal",
                        "name": "Metatype",
                        "printedName": "NFCTunnel.GzipError.Kind.Type",
                        "children": [
                          {
                            "kind": "TypeNominal",
                            "name": "Kind",
                            "printedName": "NFCTunnel.GzipError.Kind",
                            "usr": "s:9NFCTunnel9GzipErrorV4KindO"
                          }
                        ]
                      }
                    ]
                  }
                ],
                "declKind": "EnumElement",
                "usr": "s:9NFCTunnel9GzipErrorV4KindO6memoryyA2EmF",
                "mangledName": "$s9NFCTunnel9GzipErrorV4KindO6memoryyA2EmF",
                "moduleName": "NFCTunnel",
                "declAttributes": [
                  "RawDocComment"
                ]
              },
              {
                "kind": "Var",
                "name": "buffer",
                "printedName": "buffer",
                "children": [
                  {
                    "kind": "TypeFunc",
                    "name": "Function",
                    "printedName": "(NFCTunnel.GzipError.Kind.Type) -> NFCTunnel.GzipError.Kind",
                    "children": [
                      {
                        "kind": "TypeNominal",
                        "name": "Kind",
                        "printedName": "NFCTunnel.GzipError.Kind",
                        "usr": "s:9NFCTunnel9GzipErrorV4KindO"
                      },
                      {
                        "kind": "TypeNominal",
                        "name": "Metatype",
                        "printedName": "NFCTunnel.GzipError.Kind.Type",
                        "children": [
                          {
                            "kind": "TypeNominal",
                            "name": "Kind",
                            "printedName": "NFCTunnel.GzipError.Kind",
                            "usr": "s:9NFCTunnel9GzipErrorV4KindO"
                          }
                        ]
                      }
                    ]
                  }
                ],
                "declKind": "EnumElement",
                "usr": "s:9NFCTunnel9GzipErrorV4KindO6bufferyA2EmF",
                "mangledName": "$s9NFCTunnel9GzipErrorV4KindO6bufferyA2EmF",
                "moduleName": "NFCTunnel",
                "declAttributes": [
                  "RawDocComment"
                ]
              },
              {
                "kind": "Var",
                "name": "version",
                "printedName": "version",
                "children": [
                  {
                    "kind": "TypeFunc",
                    "name": "Function",
                    "printedName": "(NFCTunnel.GzipError.Kind.Type) -> NFCTunnel.GzipError.Kind",
                    "children": [
                      {
                        "kind": "TypeNominal",
                        "name": "Kind",
                        "printedName": "NFCTunnel.GzipError.Kind",
                        "usr": "s:9NFCTunnel9GzipErrorV4KindO"
                      },
                      {
                        "kind": "TypeNominal",
                        "name": "Metatype",
                        "printedName": "NFCTunnel.GzipError.Kind.Type",
                        "children": [
                          {
                            "kind": "TypeNominal",
                            "name": "Kind",
                            "printedName": "NFCTunnel.GzipError.Kind",
                            "usr": "s:9NFCTunnel9GzipErrorV4KindO"
                          }
                        ]
                      }
                    ]
                  }
                ],
                "declKind": "EnumElement",
                "usr": "s:9NFCTunnel9GzipErrorV4KindO7versionyA2EmF",
                "mangledName": "$s9NFCTunnel9GzipErrorV4KindO7versionyA2EmF",
                "moduleName": "NFCTunnel",
                "declAttributes": [
                  "RawDocComment"
                ]
              },
              {
                "kind": "Var",
                "name": "unknown",
                "printedName": "unknown",
                "children": [
                  {
                    "kind": "TypeFunc",
                    "name": "Function",
                    "printedName": "(NFCTunnel.GzipError.Kind.Type) -> (Swift.Int) -> NFCTunnel.GzipError.Kind",
                    "children": [
                      {
                        "kind": "TypeFunc",
                        "name": "Function",
                        "printedName": "(Swift.Int) -> NFCTunnel.GzipError.Kind",
                        "children": [
                          {
                            "kind": "TypeNominal",
                            "name": "Kind",
                            "printedName": "NFCTunnel.GzipError.Kind",
                            "usr": "s:9NFCTunnel9GzipErrorV4KindO"
                          },
                          {
                            "kind": "TypeNominal",
                            "name": "Tuple",
                            "printedName": "(code: Swift.Int)",
                            "children": [
                              {
                                "kind": "TypeNominal",
                                "name": "Int",
                                "printedName": "Swift.Int",
                                "usr": "s:Si"
                              }
                            ]
                          }
                        ]
                      },
                      {
                        "kind": "TypeNominal",
                        "name": "Metatype",
                        "printedName": "NFCTunnel.GzipError.Kind.Type",
                        "children": [
                          {
                            "kind": "TypeNominal",
                            "name": "Kind",
                            "printedName": "NFCTunnel.GzipError.Kind",
                            "usr": "s:9NFCTunnel9GzipErrorV4KindO"
                          }
                        ]
                      }
                    ]
                  }
                ],
                "declKind": "EnumElement",
                "usr": "s:9NFCTunnel9GzipErrorV4KindO7unknownyAESi_tcAEmF",
                "mangledName": "$s9NFCTunnel9GzipErrorV4KindO7unknownyAESi_tcAEmF",
                "moduleName": "NFCTunnel",
                "declAttributes": [
                  "RawDocComment"
                ]
              },
              {
                "kind": "Function",
                "name": "==",
                "printedName": "==(_:_:)",
                "children": [
                  {
                    "kind": "TypeNominal",
                    "name": "Bool",
                    "printedName": "Swift.Bool",
                    "usr": "s:Sb"
                  },
                  {
                    "kind": "TypeNominal",
                    "name": "Kind",
                    "printedName": "NFCTunnel.GzipError.Kind",
                    "usr": "s:9NFCTunnel9GzipErrorV4KindO"
                  },
                  {
                    "kind": "TypeNominal",
                    "name": "Kind",
                    "printedName": "NFCTunnel.GzipError.Kind",
                    "usr": "s:9NFCTunnel9GzipErrorV4KindO"
                  }
                ],
                "declKind": "Func",
                "usr": "s:9NFCTunnel9GzipErrorV4KindO2eeoiySbAE_AEtFZ",
                "mangledName": "$s9NFCTunnel9GzipErrorV4KindO2eeoiySbAE_AEtFZ",
                "moduleName": "NFCTunnel",
                "static": true,
                "implicit": true,
                "funcSelfKind": "NonMutating"
              }
            ],
            "declKind": "Enum",
            "usr": "s:9NFCTunnel9GzipErrorV4KindO",
            "mangledName": "$s9NFCTunnel9GzipErrorV4KindO",
            "moduleName": "NFCTunnel",
            "declAttributes": [
              "AccessControl",
              "RawDocComment"
            ],
            "conformances": [
              {
                "kind": "Conformance",
                "name": "Equatable",
                "printedName": "Equatable",
                "usr": "s:SQ",
                "mangledName": "$sSQ"
              },
              {
                "kind": "Conformance",
                "name": "Sendable",
                "printedName": "Sendable",
                "usr": "s:s8SendableP",
                "mangledName": "$ss8SendableP"
              }
            ]
          },
          {
            "kind": "Var",
            "name": "kind",
            "printedName": "kind",
            "children": [
              {
                "kind": "TypeNominal",
                "name": "Kind",
                "printedName": "NFCTunnel.GzipError.Kind",
                "usr": "s:9NFCTunnel9GzipErrorV4KindO"
              }
            ],
            "declKind": "Var",
            "usr": "s:9NFCTunnel9GzipErrorV4kindAC4KindOvp",
            "mangledName": "$s9NFCTunnel9GzipErrorV4kindAC4KindOvp",
            "moduleName": "NFCTunnel",
            "declAttributes": [
              "HasStorage",
              "AccessControl",
              "RawDocComment"
            ],
            "isLet": true,
            "hasStorage": true,
            "accessors": [
              {
                "kind": "Accessor",
                "name": "Get",
                "printedName": "Get()",
                "children": [
                  {
                    "kind": "TypeNominal",
                    "name": "Kind",
                    "printedName": "NFCTunnel.GzipError.Kind",
                    "usr": "s:9NFCTunnel9GzipErrorV4KindO"
                  }
                ],
                "declKind": "Accessor",
                "usr": "s:9NFCTunnel9GzipErrorV4kindAC4KindOvg",
                "mangledName": "$s9NFCTunnel9GzipErrorV4kindAC4KindOvg",
                "moduleName": "NFCTunnel",
                "implicit": true,
                "accessorKind": "get"
              }
            ]
          },
          {
            "kind": "Var",
            "name": "message",
            "printedName": "message",
            "children": [
              {
                "kind": "TypeNominal",
                "name": "String",
                "printedName": "Swift.String",
                "usr": "s:SS"
              }
            ],
            "declKind": "Var",
            "usr": "s:9NFCTunnel9GzipErrorV7messageSSvp",
            "mangledName": "$s9NFCTunnel9GzipErrorV7messageSSvp",
            "moduleName": "NFCTunnel",
            "declAttributes": [
              "HasStorage",
              "AccessControl",
              "RawDocComment"
            ],
            "isLet": true,
            "hasStorage": true,
            "accessors": [
              {
                "kind": "Accessor",
                "name": "Get",
                "printedName": "Get()",
                "children": [
                  {
                    "kind": "TypeNominal",
                    "name": "String",
                    "printedName": "Swift.String",
                    "usr": "s:SS"
                  }
                ],
                "declKind": "Accessor",
                "usr": "s:9NFCTunnel9GzipErrorV7messageSSvg",
                "mangledName": "$s9NFCTunnel9GzipErrorV7messageSSvg",
                "moduleName": "NFCTunnel",
                "implicit": true,
                "accessorKind": "get"
              }
            ]
          },
          {
            "kind": "Var",
            "name": "localizedDescription",
            "printedName": "localizedDescription",
            "children": [
              {
                "kind": "TypeNominal",
                "name": "String",
                "printedName": "Swift.String",
                "usr": "s:SS"
              }
            ],
            "declKind": "Var",
            "usr": "s:9NFCTunnel9GzipErrorV20localizedDescriptionSSvp",
            "mangledName": "$s9NFCTunnel9GzipErrorV20localizedDescriptionSSvp",
            "moduleName": "NFCTunnel",
            "declAttributes": [
              "AccessControl"
            ],
            "accessors": [
              {
                "kind": "Accessor",
                "name": "Get",
                "printedName": "Get()",
                "children": [
                  {
                    "kind": "TypeNominal",
                    "name": "String",
                    "printedName": "Swift.String",
                    "usr": "s:SS"
                  }
                ],
                "declKind": "Accessor",
                "usr": "s:9NFCTunnel9GzipErrorV20localizedDescriptionSSvg",
                "mangledName": "$s9NFCTunnel9GzipErrorV20localizedDescriptionSSvg",
                "moduleName": "NFCTunnel",
                "accessorKind": "get"
              }
            ]
          }
        ],
        "declKind": "Struct",
        "usr": "s:9NFCTunnel9GzipErrorV",
        "mangledName": "$s9NFCTunnel9GzipErrorV",
        "moduleName": "NFCTunnel",
        "declAttributes": [
          "AccessControl",
          "RawDocComment"
        ],
        "conformances": [
          {
            "kind": "Conformance",
            "name": "Error",
            "printedName": "Error",
            "usr": "s:s5ErrorP",
            "mangledName": "$ss5ErrorP"
          },
          {
            "kind": "Conformance",
            "name": "Sendable",
            "printedName": "Sendable",
            "usr": "s:s8SendableP",
            "mangledName": "$ss8SendableP"
          }
        ]
      },
      {
        "kind": "Import",
        "name": "Foundation",
        "printedName": "Foundation",
        "declKind": "Import",
        "moduleName": "NFCTunnel",
        "declAttributes": [
          "RawDocComment"
        ]
      },
      {
        "kind": "TypeDecl",
        "name": "NFCTunnelError",
        "printedName": "NFCTunnelError",
        "children": [
          {
            "kind": "Var",
            "name": "nfcNotSupported",
            "printedName": "nfcNotSupported",
            "children": [
              {
                "kind": "TypeFunc",
                "name": "Function",
                "printedName": "(NFCTunnel.NFCTunnelError.Type) -> NFCTunnel.NFCTunnelError",
                "children": [
                  {
                    "kind": "TypeNominal",
                    "name": "NFCTunnelError",
                    "printedName": "NFCTunnel.NFCTunnelError",
                    "usr": "s:9NFCTunnel0A5ErrorO"
                  },
                  {
                    "kind": "TypeNominal",
                    "name": "Metatype",
                    "printedName": "NFCTunnel.NFCTunnelError.Type",
                    "children": [
                      {
                        "kind": "TypeNominal",
                        "name": "NFCTunnelError",
                        "printedName": "NFCTunnel.NFCTunnelError",
                        "usr": "s:9NFCTunnel0A5ErrorO"
                      }
                    ]
                  }
                ]
              }
            ],
            "declKind": "EnumElement",
            "usr": "s:9NFCTunnel0A5ErrorO15nfcNotSupportedyA2CmF",
            "mangledName": "$s9NFCTunnel0A5ErrorO15nfcNotSupportedyA2CmF",
            "moduleName": "NFCTunnel"
          },
          {
            "kind": "Var",
            "name": "invalidSession",
            "printedName": "invalidSession",
            "children": [
              {
                "kind": "TypeFunc",
                "name": "Function",
                "printedName": "(NFCTunnel.NFCTunnelError.Type) -> NFCTunnel.NFCTunnelError",
                "children": [
                  {
                    "kind": "TypeNominal",
                    "name": "NFCTunnelError",
                    "printedName": "NFCTunnel.NFCTunnelError",
                    "usr": "s:9NFCTunnel0A5ErrorO"
                  },
                  {
                    "kind": "TypeNominal",
                    "name": "Metatype",
                    "printedName": "NFCTunnel.NFCTunnelError.Type",
                    "children": [
                      {
                        "kind": "TypeNominal",
                        "name": "NFCTunnelError",
                        "printedName": "NFCTunnel.NFCTunnelError",
                        "usr": "s:9NFCTunnel0A5ErrorO"
                      }
                    ]
                  }
                ]
              }
            ],
            "declKind": "EnumElement",
            "usr": "s:9NFCTunnel0A5ErrorO14invalidSessionyA2CmF",
            "mangledName": "$s9NFCTunnel0A5ErrorO14invalidSessionyA2CmF",
            "moduleName": "NFCTunnel"
          },
          {
            "kind": "Var",
            "name": "invalidTag",
            "printedName": "invalidTag",
            "children": [
              {
                "kind": "TypeFunc",
                "name": "Function",
                "printedName": "(NFCTunnel.NFCTunnelError.Type) -> NFCTunnel.NFCTunnelError",
                "children": [
                  {
                    "kind": "TypeNominal",
                    "name": "NFCTunnelError",
                    "printedName": "NFCTunnel.NFCTunnelError",
                    "usr": "s:9NFCTunnel0A5ErrorO"
                  },
                  {
                    "kind": "TypeNominal",
                    "name": "Metatype",
                    "printedName": "NFCTunnel.NFCTunnelError.Type",
                    "children": [
                      {
                        "kind": "TypeNominal",
                        "name": "NFCTunnelError",
                        "printedName": "NFCTunnel.NFCTunnelError",
                        "usr": "s:9NFCTunnel0A5ErrorO"
                      }
                    ]
                  }
                ]
              }
            ],
            "declKind": "EnumElement",
            "usr": "s:9NFCTunnel0A5ErrorO10invalidTagyA2CmF",
            "mangledName": "$s9NFCTunnel0A5ErrorO10invalidTagyA2CmF",
            "moduleName": "NFCTunnel"
          },
          {
            "kind": "Var",
            "name": "notSuported",
            "printedName": "notSuported",
            "children": [
              {
                "kind": "TypeFunc",
                "name": "Function",
                "printedName": "(NFCTunnel.NFCTunnelError.Type) -> NFCTunnel.NFCTunnelError",
                "children": [
                  {
                    "kind": "TypeNominal",
                    "name": "NFCTunnelError",
                    "printedName": "NFCTunnel.NFCTunnelError",
                    "usr": "s:9NFCTunnel0A5ErrorO"
                  },
                  {
                    "kind": "TypeNominal",
                    "name": "Metatype",
                    "printedName": "NFCTunnel.NFCTunnelError.Type",
                    "children": [
                      {
                        "kind": "TypeNominal",
                        "name": "NFCTunnelError",
                        "printedName": "NFCTunnel.NFCTunnelError",
                        "usr": "s:9NFCTunnel0A5ErrorO"
                      }
                    ]
                  }
                ]
              }
            ],
            "declKind": "EnumElement",
            "usr": "s:9NFCTunnel0A5ErrorO11notSuportedyA2CmF",
            "mangledName": "$s9NFCTunnel0A5ErrorO11notSuportedyA2CmF",
            "moduleName": "NFCTunnel"
          },
          {
            "kind": "Var",
            "name": "invalidMessage",
            "printedName": "invalidMessage",
            "children": [
              {
                "kind": "TypeFunc",
                "name": "Function",
                "printedName": "(NFCTunnel.NFCTunnelError.Type) -> NFCTunnel.NFCTunnelError",
                "children": [
                  {
                    "kind": "TypeNominal",
                    "name": "NFCTunnelError",
                    "printedName": "NFCTunnel.NFCTunnelError",
                    "usr": "s:9NFCTunnel0A5ErrorO"
                  },
                  {
                    "kind": "TypeNominal",
                    "name": "Metatype",
                    "printedName": "NFCTunnel.NFCTunnelError.Type",
                    "children": [
                      {
                        "kind": "TypeNominal",
                        "name": "NFCTunnelError",
                        "printedName": "NFCTunnel.NFCTunnelError",
                        "usr": "s:9NFCTunnel0A5ErrorO"
                      }
                    ]
                  }
                ]
              }
            ],
            "declKind": "EnumElement",
            "usr": "s:9NFCTunnel0A5ErrorO14invalidMessageyA2CmF",
            "mangledName": "$s9NFCTunnel0A5ErrorO14invalidMessageyA2CmF",
            "moduleName": "NFCTunnel"
          },
          {
            "kind": "Var",
            "name": "invalidData",
            "printedName": "invalidData",
            "children": [
              {
                "kind": "TypeFunc",
                "name": "Function",
                "printedName": "(NFCTunnel.NFCTunnelError.Type) -> NFCTunnel.NFCTunnelError",
                "children": [
                  {
                    "kind": "TypeNominal",
                    "name": "NFCTunnelError",
                    "printedName": "NFCTunnel.NFCTunnelError",
                    "usr": "s:9NFCTunnel0A5ErrorO"
                  },
                  {
                    "kind": "TypeNominal",
                    "name": "Metatype",
                    "printedName": "NFCTunnel.NFCTunnelError.Type",
                    "children": [
                      {
                        "kind": "TypeNominal",
                        "name": "NFCTunnelError",
                        "printedName": "NFCTunnel.NFCTunnelError",
                        "usr": "s:9NFCTunnel0A5ErrorO"
                      }
                    ]
                  }
                ]
              }
            ],
            "declKind": "EnumElement",
            "usr": "s:9NFCTunnel0A5ErrorO11invalidDatayA2CmF",
            "mangledName": "$s9NFCTunnel0A5ErrorO11invalidDatayA2CmF",
            "moduleName": "NFCTunnel"
          },
          {
            "kind": "Function",
            "name": "==",
            "printedName": "==(_:_:)",
            "children": [
              {
                "kind": "TypeNominal",
                "name": "Bool",
                "printedName": "Swift.Bool",
                "usr": "s:Sb"
              },
              {
                "kind": "TypeNominal",
                "name": "NFCTunnelError",
                "printedName": "NFCTunnel.NFCTunnelError",
                "usr": "s:9NFCTunnel0A5ErrorO"
              },
              {
                "kind": "TypeNominal",
                "name": "NFCTunnelError",
                "printedName": "NFCTunnel.NFCTunnelError",
                "usr": "s:9NFCTunnel0A5ErrorO"
              }
            ],
            "declKind": "Func",
            "usr": "s:9NFCTunnel0A5ErrorO2eeoiySbAC_ACtFZ",
            "mangledName": "$s9NFCTunnel0A5ErrorO2eeoiySbAC_ACtFZ",
            "moduleName": "NFCTunnel",
            "static": true,
            "implicit": true,
            "funcSelfKind": "NonMutating"
          },
          {
            "kind": "Var",
            "name": "hashValue",
            "printedName": "hashValue",
            "children": [
              {
                "kind": "TypeNominal",
                "name": "Int",
                "printedName": "Swift.Int",
                "usr": "s:Si"
              }
            ],
            "declKind": "Var",
            "usr": "s:9NFCTunnel0A5ErrorO9hashValueSivp",
            "mangledName": "$s9NFCTunnel0A5ErrorO9hashValueSivp",
            "moduleName": "NFCTunnel",
            "implicit": true,
            "accessors": [
              {
                "kind": "Accessor",
                "name": "Get",
                "printedName": "Get()",
                "children": [
                  {
                    "kind": "TypeNominal",
                    "name": "Int",
                    "printedName": "Swift.Int",
                    "usr": "s:Si"
                  }
                ],
                "declKind": "Accessor",
                "usr": "s:9NFCTunnel0A5ErrorO9hashValueSivg",
                "mangledName": "$s9NFCTunnel0A5ErrorO9hashValueSivg",
                "moduleName": "NFCTunnel",
                "implicit": true,
                "accessorKind": "get"
              }
            ]
          },
          {
            "kind": "Function",
            "name": "hash",
            "printedName": "hash(into:)",
            "children": [
              {
                "kind": "TypeNominal",
                "name": "Void",
                "printedName": "()"
              },
              {
                "kind": "TypeNominal",
                "name": "Hasher",
                "printedName": "Swift.Hasher",
                "paramValueOwnership": "InOut",
                "usr": "s:s6HasherV"
              }
            ],
            "declKind": "Func",
            "usr": "s:9NFCTunnel0A5ErrorO4hash4intoys6HasherVz_tF",
            "mangledName": "$s9NFCTunnel0A5ErrorO4hash4intoys6HasherVz_tF",
            "moduleName": "NFCTunnel",
            "implicit": true,
            "funcSelfKind": "NonMutating"
          }
        ],
        "declKind": "Enum",
        "usr": "s:9NFCTunnel0A5ErrorO",
        "mangledName": "$s9NFCTunnel0A5ErrorO",
        "moduleName": "NFCTunnel",
        "declAttributes": [
          "AccessControl"
        ],
        "conformances": [
          {
            "kind": "Conformance",
            "name": "Equatable",
            "printedName": "Equatable",
            "usr": "s:SQ",
            "mangledName": "$sSQ"
          },
          {
            "kind": "Conformance",
            "name": "Hashable",
            "printedName": "Hashable",
            "usr": "s:SH",
            "mangledName": "$sSH"
          },
          {
            "kind": "Conformance",
            "name": "Error",
            "printedName": "Error",
            "usr": "s:s5ErrorP",
            "mangledName": "$ss5ErrorP"
          },
          {
            "kind": "Conformance",
            "name": "Sendable",
            "printedName": "Sendable",
            "usr": "s:s8SendableP",
            "mangledName": "$ss8SendableP"
          }
        ]
      },
      {
        "kind": "Import",
        "name": "CoreNFC",
        "printedName": "CoreNFC",
        "declKind": "Import",
        "moduleName": "NFCTunnel",
        "declAttributes": [
          "RawDocComment"
        ]
      },
      {
        "kind": "Import",
        "name": "Foundation",
        "printedName": "Foundation",
        "declKind": "Import",
        "moduleName": "NFCTunnel"
      },
      {
        "kind": "TypeDecl",
        "name": "NFCTunnelDelegate",
        "printedName": "NFCTunnelDelegate",
        "children": [
          {
            "kind": "Function",
            "name": "onSuccess",
            "printedName": "onSuccess(data:)",
            "children": [
              {
                "kind": "TypeNominal",
                "name": "Void",
                "printedName": "()"
              },
              {
                "kind": "TypeNominal",
                "name": "String",
                "printedName": "Swift.String",
                "usr": "s:SS"
              }
            ],
            "declKind": "Func",
            "usr": "s:9NFCTunnel0A8DelegateP9onSuccess4dataySS_tF",
            "mangledName": "$s9NFCTunnel0A8DelegateP9onSuccess4dataySS_tF",
            "moduleName": "NFCTunnel",
            "genericSig": "<τ_0_0 where τ_0_0 : NFCTunnel.NFCTunnelDelegate>",
            "sugared_genericSig": "<Self where Self : NFCTunnel.NFCTunnelDelegate>",
            "protocolReq": true,
            "reqNewWitnessTableEntry": true,
            "funcSelfKind": "NonMutating"
          },
          {
            "kind": "Function",
            "name": "onError",
            "printedName": "onError(error:)",
            "children": [
              {
                "kind": "TypeNominal",
                "name": "Void",
                "printedName": "()"
              },
              {
                "kind": "TypeNominal",
                "name": "Optional",
                "printedName": "Swift.Error?",
                "children": [
                  {
                    "kind": "TypeNominal",
                    "name": "Error",
                    "printedName": "Swift.Error",
                    "usr": "s:s5ErrorP"
                  }
                ],
                "usr": "s:Sq"
              }
            ],
            "declKind": "Func",
            "usr": "s:9NFCTunnel0A8DelegateP7onError5errorys0D0_pSg_tF",
            "mangledName": "$s9NFCTunnel0A8DelegateP7onError5errorys0D0_pSg_tF",
            "moduleName": "NFCTunnel",
            "genericSig": "<τ_0_0 where τ_0_0 : NFCTunnel.NFCTunnelDelegate>",
            "sugared_genericSig": "<Self where Self : NFCTunnel.NFCTunnelDelegate>",
            "protocolReq": true,
            "reqNewWitnessTableEntry": true,
            "funcSelfKind": "NonMutating"
          }
        ],
        "declKind": "Protocol",
        "usr": "s:9NFCTunnel0A8DelegateP",
        "mangledName": "$s9NFCTunnel0A8DelegateP",
        "moduleName": "NFCTunnel",
        "genericSig": "<τ_0_0 : ObjectiveC.NSObject>",
        "sugared_genericSig": "<Self : ObjectiveC.NSObject>",
        "declAttributes": [
          "AccessControl"
        ]
      },
      {
        "kind": "TypeDecl",
        "name": "Data",
        "printedName": "Data",
        "children": [
          {
            "kind": "Var",
            "name": "isGzipped",
            "printedName": "isGzipped",
            "children": [
              {
                "kind": "TypeNominal",
                "name": "Bool",
                "printedName": "Swift.Bool",
                "usr": "s:Sb"
              }
            ],
            "declKind": "Var",
            "usr": "s:10Foundation4DataV9NFCTunnelE9isGzippedSbvp",
            "mangledName": "$s10Foundation4DataV9NFCTunnelE9isGzippedSbvp",
            "moduleName": "NFCTunnel",
            "declAttributes": [
              "AccessControl",
              "RawDocComment"
            ],
            "isFromExtension": true,
            "accessors": [
              {
                "kind": "Accessor",
                "name": "Get",
                "printedName": "Get()",
                "children": [
                  {
                    "kind": "TypeNominal",
                    "name": "Bool",
                    "printedName": "Swift.Bool",
                    "usr": "s:Sb"
                  }
                ],
                "declKind": "Accessor",
                "usr": "s:10Foundation4DataV9NFCTunnelE9isGzippedSbvg",
                "mangledName": "$s10Foundation4DataV9NFCTunnelE9isGzippedSbvg",
                "moduleName": "NFCTunnel",
                "isFromExtension": true,
                "accessorKind": "get"
              }
            ]
          },
          {
            "kind": "Function",
            "name": "gzipped",
            "printedName": "gzipped(level:wBits:)",
            "children": [
              {
                "kind": "TypeNominal",
                "name": "Data",
                "printedName": "Foundation.Data",
                "usr": "s:10Foundation4DataV"
              },
              {
                "kind": "TypeNominal",
                "name": "CompressionLevel",
                "printedName": "NFCTunnel.CompressionLevel",
                "hasDefaultArg": true,
                "usr": "s:9NFCTunnel16CompressionLevelV"
              },
              {
                "kind": "TypeNominal",
                "name": "Int32",
                "printedName": "Swift.Int32",
                "hasDefaultArg": true,
                "usr": "s:s5Int32V"
              }
            ],
            "declKind": "Func",
            "usr": "s:10Foundation4DataV9NFCTunnelE7gzipped5level5wBitsAcD16CompressionLevelV_s5Int32VtKF",
            "mangledName": "$s10Foundation4DataV9NFCTunnelE7gzipped5level5wBitsAcD16CompressionLevelV_s5Int32VtKF",
            "moduleName": "NFCTunnel",
            "declAttributes": [
              "AccessControl",
              "RawDocComment"
            ],
            "isFromExtension": true,
            "throwing": true,
            "funcSelfKind": "NonMutating"
          },
          {
            "kind": "Function",
            "name": "gunzipped",
            "printedName": "gunzipped(wBits:)",
            "children": [
              {
                "kind": "TypeNominal",
                "name": "Data",
                "printedName": "Foundation.Data",
                "usr": "s:10Foundation4DataV"
              },
              {
                "kind": "TypeNominal",
                "name": "Int32",
                "printedName": "Swift.Int32",
                "hasDefaultArg": true,
                "usr": "s:s5Int32V"
              }
            ],
            "declKind": "Func",
            "usr": "s:10Foundation4DataV9NFCTunnelE9gunzipped5wBitsACs5Int32V_tKF",
            "mangledName": "$s10Foundation4DataV9NFCTunnelE9gunzipped5wBitsACs5Int32V_tKF",
            "moduleName": "NFCTunnel",
            "declAttributes": [
              "AccessControl",
              "RawDocComment"
            ],
            "isFromExtension": true,
            "throwing": true,
            "funcSelfKind": "NonMutating"
          }
        ],
        "declKind": "Struct",
        "usr": "s:10Foundation4DataV",
        "mangledName": "$s10Foundation4DataV",
        "moduleName": "Foundation",
        "intro_Macosx": "10.10",
        "intro_iOS": "8.0",
        "intro_tvOS": "9.0",
        "intro_watchOS": "2.0",
        "declAttributes": [
          "Frozen",
          "Available",
          "Available",
          "Available",
          "Available"
        ],
        "isExternal": true,
        "conformances": [
          {
            "kind": "Conformance",
            "name": "Equatable",
            "printedName": "Equatable",
            "usr": "s:SQ",
            "mangledName": "$sSQ"
          },
          {
            "kind": "Conformance",
            "name": "Hashable",
            "printedName": "Hashable",
            "usr": "s:SH",
            "mangledName": "$sSH"
          },
          {
            "kind": "Conformance",
            "name": "RandomAccessCollection",
            "printedName": "RandomAccessCollection",
            "children": [
              {
                "kind": "TypeWitness",
                "name": "Element",
                "printedName": "Element",
                "children": [
                  {
                    "kind": "TypeNominal",
                    "name": "UInt8",
                    "printedName": "Swift.UInt8",
                    "usr": "s:s5UInt8V"
                  }
                ]
              },
              {
                "kind": "TypeWitness",
                "name": "Index",
                "printedName": "Index",
                "children": [
                  {
                    "kind": "TypeNominal",
                    "name": "Int",
                    "printedName": "Swift.Int",
                    "usr": "s:Si"
                  }
                ]
              },
              {
                "kind": "TypeWitness",
                "name": "SubSequence",
                "printedName": "SubSequence",
                "children": [
                  {
                    "kind": "TypeNominal",
                    "name": "Data",
                    "printedName": "Foundation.Data",
                    "usr": "s:10Foundation4DataV"
                  }
                ]
              },
              {
                "kind": "TypeWitness",
                "name": "Indices",
                "printedName": "Indices",
                "children": [
                  {
                    "kind": "TypeNominal",
                    "name": "Range",
                    "printedName": "Swift.Range<Swift.Int>",
                    "children": [
                      {
                        "kind": "TypeNominal",
                        "name": "Int",
                        "printedName": "Swift.Int",
                        "usr": "s:Si"
                      }
                    ],
                    "usr": "s:Sn"
                  }
                ]
              }
            ],
            "usr": "s:Sk",
            "mangledName": "$sSk"
          },
          {
            "kind": "Conformance",
            "name": "MutableCollection",
            "printedName": "MutableCollection",
            "children": [
              {
                "kind": "TypeWitness",
                "name": "Element",
                "printedName": "Element",
                "children": [
                  {
                    "kind": "TypeNominal",
                    "name": "UInt8",
                    "printedName": "Swift.UInt8",
                    "usr": "s:s5UInt8V"
                  }
                ]
              },
              {
                "kind": "TypeWitness",
                "name": "Index",
                "printedName": "Index",
                "children": [
                  {
                    "kind": "TypeNominal",
                    "name": "Int",
                    "printedName": "Swift.Int",
                    "usr": "s:Si"
                  }
                ]
              },
              {
                "kind": "TypeWitness",
                "name": "SubSequence",
                "printedName": "SubSequence",
                "children": [
                  {
                    "kind": "TypeNominal",
                    "name": "Data",
                    "printedName": "Foundation.Data",
                    "usr": "s:10Foundation4DataV"
                  }
                ]
              }
            ],
            "usr": "s:SM",
            "mangledName": "$sSM"
          },
          {
            "kind": "Conformance",
            "name": "RangeReplaceableCollection",
            "printedName": "RangeReplaceableCollection",
            "children": [
              {
                "kind": "TypeWitness",
                "name": "SubSequence",
                "printedName": "SubSequence",
                "children": [
                  {
                    "kind": "TypeNominal",
                    "name": "Data",
                    "printedName": "Foundation.Data",
                    "usr": "s:10Foundation4DataV"
                  }
                ]
              }
            ],
            "usr": "s:Sm",
            "mangledName": "$sSm"
          },
          {
            "kind": "Conformance",
            "name": "MutableDataProtocol",
            "printedName": "MutableDataProtocol",
            "usr": "s:10Foundation19MutableDataProtocolP",
            "mangledName": "$s10Foundation19MutableDataProtocolP"
          },
          {
            "kind": "Conformance",
            "name": "ContiguousBytes",
            "printedName": "ContiguousBytes",
            "usr": "s:10Foundation15ContiguousBytesP",
            "mangledName": "$s10Foundation15ContiguousBytesP"
          },
          {
            "kind": "Conformance",
            "name": "Sendable",
            "printedName": "Sendable",
            "usr": "s:s8SendableP",
            "mangledName": "$ss8SendableP"
          },
          {
            "kind": "Conformance",
            "name": "BidirectionalCollection",
            "printedName": "BidirectionalCollection",
            "children": [
              {
                "kind": "TypeWitness",
                "name": "Element",
                "printedName": "Element",
                "children": [
                  {
                    "kind": "TypeNominal",
                    "name": "UInt8",
                    "printedName": "Swift.UInt8",
                    "usr": "s:s5UInt8V"
                  }
                ]
              },
              {
                "kind": "TypeWitness",
                "name": "Index",
                "printedName": "Index",
                "children": [
                  {
                    "kind": "TypeNominal",
                    "name": "Int",
                    "printedName": "Swift.Int",
                    "usr": "s:Si"
                  }
                ]
              },
              {
                "kind": "TypeWitness",
                "name": "SubSequence",
                "printedName": "SubSequence",
                "children": [
                  {
                    "kind": "TypeNominal",
                    "name": "Data",
                    "printedName": "Foundation.Data",
                    "usr": "s:10Foundation4DataV"
                  }
                ]
              },
              {
                "kind": "TypeWitness",
                "name": "Indices",
                "printedName": "Indices",
                "children": [
                  {
                    "kind": "TypeNominal",
                    "name": "Range",
                    "printedName": "Swift.Range<Swift.Int>",
                    "children": [
                      {
                        "kind": "TypeNominal",
                        "name": "Int",
                        "printedName": "Swift.Int",
                        "usr": "s:Si"
                      }
                    ],
                    "usr": "s:Sn"
                  }
                ]
              }
            ],
            "usr": "s:SK",
            "mangledName": "$sSK"
          },
          {
            "kind": "Conformance",
            "name": "Collection",
            "printedName": "Collection",
            "children": [
              {
                "kind": "TypeWitness",
                "name": "Element",
                "printedName": "Element",
                "children": [
                  {
                    "kind": "TypeNominal",
                    "name": "UInt8",
                    "printedName": "Swift.UInt8",
                    "usr": "s:s5UInt8V"
                  }
                ]
              },
              {
                "kind": "TypeWitness",
                "name": "Index",
                "printedName": "Index",
                "children": [
                  {
                    "kind": "TypeNominal",
                    "name": "Int",
                    "printedName": "Swift.Int",
                    "usr": "s:Si"
                  }
                ]
              },
              {
                "kind": "TypeWitness",
                "name": "Iterator",
                "printedName": "Iterator",
                "children": [
                  {
                    "kind": "TypeNominal",
                    "name": "Iterator",
                    "printedName": "Foundation.Data.Iterator",
                    "usr": "s:10Foundation4DataV8IteratorV"
                  }
                ]
              },
              {
                "kind": "TypeWitness",
                "name": "SubSequence",
                "printedName": "SubSequence",
                "children": [
                  {
                    "kind": "TypeNominal",
                    "name": "Data",
                    "printedName": "Foundation.Data",
                    "usr": "s:10Foundation4DataV"
                  }
                ]
              },
              {
                "kind": "TypeWitness",
                "name": "Indices",
                "printedName": "Indices",
                "children": [
                  {
                    "kind": "TypeNominal",
                    "name": "Range",
                    "printedName": "Swift.Range<Swift.Int>",
                    "children": [
                      {
                        "kind": "TypeNominal",
                        "name": "Int",
                        "printedName": "Swift.Int",
                        "usr": "s:Si"
                      }
                    ],
                    "usr": "s:Sn"
                  }
                ]
              }
            ],
            "usr": "s:Sl",
            "mangledName": "$sSl"
          },
          {
            "kind": "Conformance",
            "name": "DataProtocol",
            "printedName": "DataProtocol",
            "children": [
              {
                "kind": "TypeWitness",
                "name": "Regions",
                "printedName": "Regions",
                "children": [
                  {
                    "kind": "TypeNominal",
                    "name": "CollectionOfOne",
                    "printedName": "Swift.CollectionOfOne<Foundation.Data>",
                    "children": [
                      {
                        "kind": "TypeNominal",
                        "name": "Data",
                        "printedName": "Foundation.Data",
                        "usr": "s:10Foundation4DataV"
                      }
                    ],
                    "usr": "s:s15CollectionOfOneV"
                  }
                ]
              }
            ],
            "usr": "s:10Foundation12DataProtocolP",
            "mangledName": "$s10Foundation12DataProtocolP"
          },
          {
            "kind": "Conformance",
            "name": "Sequence",
            "printedName": "Sequence",
            "children": [
              {
                "kind": "TypeWitness",
                "name": "Element",
                "printedName": "Element",
                "children": [
                  {
                    "kind": "TypeNominal",
                    "name": "UInt8",
                    "printedName": "Swift.UInt8",
                    "usr": "s:s5UInt8V"
                  }
                ]
              },
              {
                "kind": "TypeWitness",
                "name": "Iterator",
                "printedName": "Iterator",
                "children": [
                  {
                    "kind": "TypeNominal",
                    "name": "Iterator",
                    "printedName": "Foundation.Data.Iterator",
                    "usr": "s:10Foundation4DataV8IteratorV"
                  }
                ]
              }
            ],
            "usr": "s:ST",
            "mangledName": "$sST"
          },
          {
            "kind": "Conformance",
            "name": "ReferenceConvertible",
            "printedName": "ReferenceConvertible",
            "children": [
              {
                "kind": "TypeWitness",
                "name": "ReferenceType",
                "printedName": "ReferenceType",
                "children": [
                  {
                    "kind": "TypeNominal",
                    "name": "NSData",
                    "printedName": "Foundation.NSData",
                    "usr": "c:objc(cs)NSData"
                  }
                ]
              }
            ],
            "usr": "s:10Foundation20ReferenceConvertibleP",
            "mangledName": "$s10Foundation20ReferenceConvertibleP"
          },
          {
            "kind": "Conformance",
            "name": "_ObjectiveCBridgeable",
            "printedName": "_ObjectiveCBridgeable",
            "children": [
              {
                "kind": "TypeWitness",
                "name": "_ObjectiveCType",
                "printedName": "_ObjectiveCType",
                "children": [
                  {
                    "kind": "TypeNominal",
                    "name": "NSData",
                    "printedName": "Foundation.NSData",
                    "usr": "c:objc(cs)NSData"
                  }
                ]
              }
            ],
            "usr": "s:s21_ObjectiveCBridgeableP",
            "mangledName": "$ss21_ObjectiveCBridgeableP"
          },
          {
            "kind": "Conformance",
            "name": "CustomStringConvertible",
            "printedName": "CustomStringConvertible",
            "usr": "s:s23CustomStringConvertibleP",
            "mangledName": "$ss23CustomStringConvertibleP"
          },
          {
            "kind": "Conformance",
            "name": "CustomDebugStringConvertible",
            "printedName": "CustomDebugStringConvertible",
            "usr": "s:s28CustomDebugStringConvertibleP",
            "mangledName": "$ss28CustomDebugStringConvertibleP"
          },
          {
            "kind": "Conformance",
            "name": "CustomReflectable",
            "printedName": "CustomReflectable",
            "usr": "s:s17CustomReflectableP",
            "mangledName": "$ss17CustomReflectableP"
          },
          {
            "kind": "Conformance",
            "name": "Decodable",
            "printedName": "Decodable",
            "usr": "s:Se",
            "mangledName": "$sSe"
          },
          {
            "kind": "Conformance",
            "name": "Encodable",
            "printedName": "Encodable",
            "usr": "s:SE",
            "mangledName": "$sSE"
          }
        ]
      }
    ],
    "json_format_version": 8
  },
  "ConstValues": [
    {
      "filePath": "\/Users\/hossamyoussof\/Documents\/Projects\/NFC\/Software\/iOS\/NFCTunnelFramework\/NFCTunnel\/NFCTunnelSession.swift",
      "kind": "StringLiteral",
      "offset": 430,
      "length": 36,
      "value": "\"Hold your iPhone near the NFC tag.\""
    },
    {
      "filePath": "\/Users\/hossamyoussof\/Documents\/Projects\/NFC\/Software\/iOS\/NFCTunnelFramework\/NFCTunnel\/NFCTunnelSession.swift",
      "kind": "BooleanLiteral",
      "offset": 740,
      "length": 5,
      "value": "false"
    },
    {
      "filePath": "\/Users\/hossamyoussof\/Documents\/Projects\/NFC\/Software\/iOS\/NFCTunnelFramework\/NFCTunnel\/NFCTunnelSession.swift",
      "kind": "StringLiteral",
      "offset": 2822,
      "length": 4,
      "value": "\"{}\""
    },
    {
      "filePath": "\/Users\/hossamyoussof\/Documents\/Projects\/NFC\/Software\/iOS\/NFCTunnelFramework\/NFCTunnel\/NFCTunnelSession.swift",
      "kind": "StringLiteral",
      "offset": 3473,
      "length": 4,
      "value": "\"{}\""
    },
    {
      "filePath": "\/Users\/hossamyoussof\/Documents\/Projects\/NFC\/Software\/iOS\/NFCTunnelFramework\/NFCTunnel\/NFCTunnelSession.swift",
      "kind": "StringLiteral",
      "offset": 143,
      "length": 16,
      "value": "\"NFCTunnel.NFCTunnelSession\""
    },
    {
      "filePath": "\/Users\/hossamyoussof\/Documents\/Projects\/NFC\/Software\/iOS\/NFCTunnelFramework\/NFCTunnel\/Gzip\/Data+Gzip.swift",
      "kind": "StringLiteral",
      "offset": 3582,
      "length": 20,
      "value": "\"Unknown gzip error\""
    },
    {
      "filePath": "\/Users\/hossamyoussof\/Documents\/Projects\/NFC\/Software\/iOS\/NFCTunnelFramework\/NFCTunnel\/Gzip\/Data+Gzip.swift",
      "kind": "Array",
      "offset": 4354,
      "length": 12,
      "value": "[0x1f, 0x8b]"
    },
    {
      "filePath": "\/Users\/hossamyoussof\/Documents\/Projects\/NFC\/Software\/iOS\/NFCTunnelFramework\/NFCTunnel\/Gzip\/Data+Gzip.swift",
      "kind": "IntegerLiteral",
      "offset": 5263,
      "length": 2,
      "value": "16"
    },
    {
      "filePath": "\/Users\/hossamyoussof\/Documents\/Projects\/NFC\/Software\/iOS\/NFCTunnelFramework\/NFCTunnel\/Gzip\/Data+Gzip.swift",
      "kind": "IntegerLiteral",
      "offset": 7187,
      "length": 1,
      "value": "0"
    },
    {
      "filePath": "\/Users\/hossamyoussof\/Documents\/Projects\/NFC\/Software\/iOS\/NFCTunnelFramework\/NFCTunnel\/Gzip\/Data+Gzip.swift",
      "kind": "IntegerLiteral",
      "offset": 8394,
      "length": 2,
      "value": "32"
    },
    {
      "filePath": "\/Users\/hossamyoussof\/Documents\/Projects\/NFC\/Software\/iOS\/NFCTunnelFramework\/NFCTunnel\/Gzip\/Data+Gzip.swift",
      "kind": "IntegerLiteral",
      "offset": 8551,
      "length": 1,
      "value": "2"
    },
    {
      "filePath": "\/Users\/hossamyoussof\/Documents\/Projects\/NFC\/Software\/iOS\/NFCTunnelFramework\/NFCTunnel\/Gzip\/Data+Gzip.swift",
      "kind": "IntegerLiteral",
      "offset": 8583,
      "length": 1,
      "value": "0"
    },
    {
      "filePath": "\/Users\/hossamyoussof\/Documents\/Projects\/NFC\/Software\/iOS\/NFCTunnelFramework\/NFCTunnel\/Gzip\/Data+Gzip.swift",
      "kind": "IntegerLiteral",
      "offset": 8615,
      "length": 1,
      "value": "0"
    },
    {
      "filePath": "\/Users\/hossamyoussof\/Documents\/Projects\/NFC\/Software\/iOS\/NFCTunnelFramework\/NFCTunnel\/Gzip\/Data+Gzip.swift",
      "kind": "IntegerLiteral",
      "offset": 9395,
      "length": 1,
      "value": "2"
    },
    {
      "filePath": "\/Users\/hossamyoussof\/Documents\/Projects\/NFC\/Software\/iOS\/NFCTunnelFramework\/NFCTunnel\/Gzip\/Data+Gzip.swift",
      "kind": "IntegerLiteral",
      "offset": 11608,
      "length": 1,
      "value": "1"
    },
    {
      "filePath": "\/Users\/hossamyoussof\/Documents\/Projects\/NFC\/Software\/iOS\/NFCTunnelFramework\/NFCTunnel\/Gzip\/Data+Gzip.swift",
      "kind": "IntegerLiteral",
      "offset": 11613,
      "length": 2,
      "value": "14"
    }
  ]
}